,headline,company,time,url
0,FDA Approves First Treatment for COVID-19,FDA.gov,14 hours ago,https://news.google.com/articles/CBMiWWh0dHBzOi8vd3d3LmZkYS5nb3YvbmV3cy1ldmVudHMvcHJlc3MtYW5ub3VuY2VtZW50cy9mZGEtYXBwcm92ZXMtZmlyc3QtdHJlYXRtZW50LWNvdmlkLTE50gEA?hl=en-US&gl=US&ceid=US%3Aen
1,Remdesivir becomes first Covid-19 treatment to receive FDA approval,CNN,10 hours ago,https://news.google.com/articles/CAIiEN7gOn-D5b7_FcnXyl1i6eEqGQgEKhAIACoHCAowocv1CjCSptoCMPrTpgU?hl=en-US&gl=US&ceid=US%3Aen
2,FDA approves Gilead's remdesivir as first COVID-19 treatment,Fox Business,12 hours ago,https://news.google.com/articles/CBMibmh0dHBzOi8vd3d3LmZveGJ1c2luZXNzLmNvbS9tYXJrZXRzL2dpbGVhZHMtcmVtZGVzaXZpci1naXZlbi1ncmVlbmxpZ2h0LWJ5LXRoZS1mZGEtYXMtZmlyc3QtY292aWQtMTktdHJlYXRtZW500gFyaHR0cHM6Ly93d3cuZm94YnVzaW5lc3MuY29tL21hcmtldHMvZ2lsZWFkcy1yZW1kZXNpdmlyLWdpdmVuLWdyZWVubGlnaHQtYnktdGhlLWZkYS1hcy1maXJzdC1jb3ZpZC0xOS10cmVhdG1lbnQuYW1w?hl=en-US&gl=US&ceid=US%3Aen
3,Remdesivir receives FDA approval for COVID-19 | RAPS,Regulatory Focus,8 hours ago,https://news.google.com/articles/CBMiamh0dHBzOi8vd3d3LnJhcHMub3JnL25ld3MtYW5kLWFydGljbGVzL25ld3MtYXJ0aWNsZXMvMjAyMC8xMC9yZW1kZXNpdmlyLXJlY2VpdmVzLWZkYS1hcHByb3ZhbC1mb3ItY292aWQtMTnSAQA?hl=en-US&gl=US&ceid=US%3Aen
4,FDA approves remdesivir to treat COVID-19,The Verge,13 hours ago,https://news.google.com/articles/CAIiEMg9dOziDy2DOYCagmJvG2cqFggEKg4IACoGCAow3O8nMMqOBjD38Ak?hl=en-US&gl=US&ceid=US%3Aen
5,"Coronavirus (COVID-19) Update: Daily Roundup October 20, 2020",FDA.gov,2 days ago,https://news.google.com/articles/CBMibWh0dHBzOi8vd3d3LmZkYS5nb3YvbmV3cy1ldmVudHMvcHJlc3MtYW5ub3VuY2VtZW50cy9jb3JvbmF2aXJ1cy1jb3ZpZC0xOS11cGRhdGUtZGFpbHktcm91bmR1cC1vY3RvYmVyLTIwLTIwMjDSAQA?hl=en-US&gl=US&ceid=US%3Aen
6,CDC study suggests Covid-19 can be passed in brief interactions,STAT,Yesterday,https://news.google.com/articles/CBMiRGh0dHBzOi8vd3d3LnN0YXRuZXdzLmNvbS8yMDIwLzEwLzIxL2N1bXVsYXRpdmUtdGltZS1jb3ZpZC0xOS1zcHJlYWQv0gEA?hl=en-US&gl=US&ceid=US%3Aen
7,The World Health Organization and Wikimedia Foundation expand access to trusted information about COVID-19 on Wikipedia,World Health Organization,21 hours ago,https://news.google.com/articles/CBMioAFodHRwczovL3d3dy53aG8uaW50L25ld3MvaXRlbS8yMi0xMC0yMDIwLXRoZS13b3JsZC1oZWFsdGgtb3JnYW5pemF0aW9uLWFuZC13aWtpbWVkaWEtZm91bmRhdGlvbi1leHBhbmQtYWNjZXNzLXRvLXRydXN0ZWQtaW5mb3JtYXRpb24tYWJvdXQtY292aWQtMTktb24td2lraXBlZGlh0gEA?hl=en-US&gl=US&ceid=US%3Aen
8,Oct. 22 update on COVID-19 in MN: Deaths jump again; hospitalizations climbing,Minnesota Public Radio News,Yesterday,https://news.google.com/articles/CBMiQGh0dHBzOi8vd3d3Lm1wcm5ld3Mub3JnL3N0b3J5LzIwMjAvMTAvMjIvbGF0ZXN0LW9uLWNvdmlkMTktaW4tbW7SAURodHRwczovL3d3dy5tcHJuZXdzLm9yZy9hbXAvc3RvcnkvMjAyMC8xMC8yMi9sYXRlc3Qtb24tY292aWQxOS1pbi1tbg?hl=en-US&gl=US&ceid=US%3Aen
9,"Hospital Bills For Uninsured COVID-19 Patients Are Covered, But No One Tells Them",NPR,17 hours ago,https://news.google.com/articles/CAIiEHVNd858Ml-nN5RqXKLeSloqFggEKg4IACoGCAow9vBNMK3UCDCvpUk?hl=en-US&gl=US&ceid=US%3Aen
10,New COVID-19 cases reported worldwide reach new high,CBS News,12 hours ago,https://news.google.com/articles/CAIiEM1i_uuC64EQrBHdHlpjIAgqGQgEKhAIACoHCAowyNj6CjDyiPICMJyFxQU?hl=en-US&gl=US&ceid=US%3Aen
11,Governor Cuomo Details COVID-19 Micro-Cluster Metrics,ny.gov,Yesterday,https://news.google.com/articles/CBMiVmh0dHBzOi8vd3d3LmdvdmVybm9yLm55Lmdvdi9uZXdzL2dvdmVybm9yLWN1b21vLWRldGFpbHMtY292aWQtMTktbWljcm8tY2x1c3Rlci1tZXRyaWNz0gEA?hl=en-US&gl=US&ceid=US%3Aen
12,"Tracking COVID-19 in Alaska: 210 cases reported Thursday, no new deaths",Anchorage Daily News,14 hours ago,https://news.google.com/articles/CBMicWh0dHBzOi8vd3d3LmFkbi5jb20vYWxhc2thLW5ld3MvMjAyMC8xMC8yMi90cmFja2luZy1jb3ZpZC0xOS1pbi1hbGFza2EtMjEwLWNhc2VzLXJlcG9ydGVkLXRodXJzZGF5LW5vLW5ldy1kZWF0aHMv0gEA?hl=en-US&gl=US&ceid=US%3Aen
13,COVID-19 Daily Update 10-22-2020,West Virginia Department of Health and Human Resources,20 hours ago,https://news.google.com/articles/CBMiSWh0dHBzOi8vZGhoci53di5nb3YvTmV3cy8yMDIwL1BhZ2VzL0NPVklELTE5LURhaWx5LVVwZGF0ZS0xMC0yMi0yMDIwLmFzcHjSAQA?hl=en-US&gl=US&ceid=US%3Aen
14,Susceptibility to severe COVID-19,Science Magazine,17 hours ago,https://news.google.com/articles/CBMiM2h0dHBzOi8vc2NpZW5jZS5zY2llbmNlbWFnLm9yZy9jb250ZW50LzM3MC82NTE1LzQwNNIBAA?hl=en-US&gl=US&ceid=US%3Aen
15,Worried About Covid-19 in the Winter? Alaska Provides a Cautionary Tale,The New York Times,21 hours ago,https://news.google.com/articles/CAIiEMSk42hoAJVSPnRBa149Fb8qFwgEKg8IACoHCAowjuuKAzCWrzwwqIQY?hl=en-US&gl=US&ceid=US%3Aen
16,Could certain COVID-19 vaccines leave people more vulnerable to the AIDS virus?,Science Magazine,3 days ago,https://news.google.com/articles/CBMib2h0dHBzOi8vd3d3LnNjaWVuY2VtYWcub3JnL25ld3MvMjAyMC8xMC9jb3VsZC1jZXJ0YWluLWNvdmlkLTE5LXZhY2NpbmVzLWxlYXZlLXBlb3BsZS1tb3JlLXZ1bG5lcmFibGUtYWlkcy12aXJ1c9IBAA?hl=en-US&gl=US&ceid=US%3Aen
17,‘At Capacity’: Covid-19 Patients Push U.S. Hospitals to Brink,The New York Times,3 hours ago,https://news.google.com/articles/CAIiEO362LUqTDIMy0Z3bt4Xb_AqFwgEKg8IACoHCAowjuuKAzCWrzwwt4QY?hl=en-US&gl=US&ceid=US%3Aen
18,"The US just topped 1,100 coronavirus deaths a day. One state is getting National Guard help, and others keep breaking records",CNN,10 hours ago,https://news.google.com/articles/CAIiEKg5NmSKVP3VMuJePIZFHjkqGQgEKhAIACoHCAowocv1CjCSptoCMPrTpgU?hl=en-US&gl=US&ceid=US%3Aen
19,Lightfoot: 2-Week COVID-19 Business Curfew In Chicago Starts Friday,CBS Chicago,11 hours ago,https://news.google.com/articles/CAIiEOupJYHgVx7sFg9TNSpP3CcqGQgEKhAIACoHCAowmOuFCzCqnoMDMJCIiQY?hl=en-US&gl=US&ceid=US%3Aen
20,"HAWAI'I COVID-19 JOINT INFORMATION CENTER DAILY NEWS DIGEST Oct. 22, 2020",David Y. Ige | Newsroom,9 hours ago,https://news.google.com/articles/CBMibGh0dHBzOi8vZ292ZXJub3IuaGF3YWlpLmdvdi9uZXdzcm9vbS9oYXdhaWktY292aWQtMTktam9pbnQtaW5mb3JtYXRpb24tY2VudGVyLWRhaWx5LW5ld3MtZGlnZXN0LW9jdC0yMi0yMDIwL9IBAA?hl=en-US&gl=US&ceid=US%3Aen
21,High school football teams learn to adjust quickly amid COVID-19 cases,KSTP,7 hours ago,https://news.google.com/articles/CBMib2h0dHBzOi8va3N0cC5jb20vbWlubmVzb3RhLW5ld3MvaGlnaC1zY2hvb2wtZm9vdGJhbGwtdGVhbXMtbGVhcm4tdG8tYWRqdXN0LXF1aWNrbHktYW1pZC1jb3ZpZC0xOS1jYXNlcy81OTAzMDg5L9IBcWh0dHBzOi8vYW1wLmtzdHAuY29tL2FydGljbGVzL2hpZ2gtc2Nob29sLWZvb3RiYWxsLXRlYW1zLWxlYXJuLXRvLWFkanVzdC1xdWlja2x5LWFtaWQtY292aWQtMTktY2FzZXMtNTkwMzA4OS5odG1s?hl=en-US&gl=US&ceid=US%3Aen
22,"COVID-19 vaccine weeks away, J&J, Moderna, Pfizer leading race",Fox Business,9 hours ago,https://news.google.com/articles/CBMiXmh0dHBzOi8vd3d3LmZveGJ1c2luZXNzLmNvbS9tYXJrZXRzL2NvdmlkLTE5LXZhY2NpbmUtd2Vla3MtYXdheS1qai1tb2Rlcm5hLXBmaXplci1sZWFkaW5nLXJhY2XSAWJodHRwczovL3d3dy5mb3hidXNpbmVzcy5jb20vbWFya2V0cy9jb3ZpZC0xOS12YWNjaW5lLXdlZWtzLWF3YXktamotbW9kZXJuYS1wZml6ZXItbGVhZGluZy1yYWNlLmFtcA?hl=en-US&gl=US&ceid=US%3Aen
23,HHS reverses course on COVID-19 grant reporting requirements,Modern Healthcare,14 hours ago,https://news.google.com/articles/CAIiEM-nLVpJjSXgImjgH01v3AUqMwgEKioIACIQTsvzOuavn89fdO_GJ2P7uSoUCAoiEE7L8zrmr5_PX3Tvxidj-7kwo5ziBg?hl=en-US&gl=US&ceid=US%3Aen
24,Double threat of COVID-19 and influenza,The Lancet,12 hours ago,https://news.google.com/articles/CBMiU2h0dHBzOi8vd3d3LnRoZWxhbmNldC5jb20vam91cm5hbHMvbGFucmVzL2FydGljbGUvUElJUzIyMTMtMjYwMCgyMCkzMDUwOC03L2Z1bGx0ZXh00gEA?hl=en-US&gl=US&ceid=US%3Aen
25,Convalescent plasma did not reduce Covid-19 deaths or keep patients from severe illness in new study,CNN,10 hours ago,https://news.google.com/articles/CAIiEOSnT4hi_0fXv_8nBdqxcdcqGQgEKhAIACoHCAowocv1CjCSptoCMPrTpgU?hl=en-US&gl=US&ceid=US%3Aen
26,"Coronavirus (COVID-19) Update: Daily Roundup October 9, 2020",FDA.gov,14 days ago,https://news.google.com/articles/CBMibGh0dHBzOi8vd3d3LmZkYS5nb3YvbmV3cy1ldmVudHMvcHJlc3MtYW5ub3VuY2VtZW50cy9jb3JvbmF2aXJ1cy1jb3ZpZC0xOS11cGRhdGUtZGFpbHktcm91bmR1cC1vY3RvYmVyLTktMjAyMNIBAA?hl=en-US&gl=US&ceid=US%3Aen
27,Covid-19 anti-vaxxers use century-old arguments,CNN,Yesterday,https://news.google.com/articles/CAIiEDKyNXAipE3lh2dPGrbtyckqGQgEKhAIACoHCAowocv1CjCSptoCMPrTpgU?hl=en-US&gl=US&ceid=US%3Aen
28,Closures extended at 30 Kenai Peninsula schools as COVID-19 surge continues,Anchorage Daily News,8 hours ago,https://news.google.com/articles/CBMigQFodHRwczovL3d3dy5hZG4uY29tL2FsYXNrYS1uZXdzL2VkdWNhdGlvbi8yMDIwLzEwLzIyL2Nsb3N1cmVzLWV4dGVuZGVkLWF0LTMwLWtlbmFpLXBlbmluc3VsYS1zY2hvb2xzLWFzLWNvdmlkLTE5LXN1cmdlLWNvbnRpbnVlcy_SAQA?hl=en-US&gl=US&ceid=US%3Aen
29,Presidential debate: Trump says on Covid-19: “I take full responsibility. It’s not my fault.”,Vox.com,8 hours ago,https://news.google.com/articles/CAIiEOPqGJDuh27sA6f-0h2JTS8qGAgEKg8IACoHCAowlOzSATCaiDUwg6vkBQ?hl=en-US&gl=US&ceid=US%3Aen
30,Wisconsin COVID-19 Deaths Top 1700,Wisconsin Public Radio News,22 hours ago,https://news.google.com/articles/CBMiN2h0dHBzOi8vd3d3Lndwci5vcmcvd2lzY29uc2luLWNvdmlkLTE5LWRlYXRocy10b3AtMS03MDDSAQA?hl=en-US&gl=US&ceid=US%3Aen
31,Social distancing limited Covid-19 spread for Major League Baseball teams,CNN,13 hours ago,https://news.google.com/articles/CAIiEKjWSn-4Vo7HYTRywPC52ZAqGQgEKhAIACoHCAowocv1CjCSptoCMPrTpgU?hl=en-US&gl=US&ceid=US%3Aen
32,COVID-19 surge in YK Delta continues with 92 new cases on Wednesday,Alaska Public Media News,16 hours ago,https://news.google.com/articles/CBMibWh0dHBzOi8vd3d3LmFsYXNrYXB1YmxpYy5vcmcvMjAyMC8xMC8yMi9jb3ZpZC0xOS1zdXJnZS1pbi15LWstZGVsdGEtY29udGludWVzLXdpdGgtOTItbmV3LWNhc2VzLW9uLXdlZG5lc2RheS_SAQA?hl=en-US&gl=US&ceid=US%3Aen
33,Do Masks On Plane Flights Really Cut Your Risk Of Catching COVID-19?,NPR,2 days ago,https://news.google.com/articles/CAIiEOdi5O2GHndZMMJTOMx4GzoqFggEKg4IACoGCAow9vBNMK3UCDCvpUk?hl=en-US&gl=US&ceid=US%3Aen
34,Covid-19 Dims the Friday Night Lights of Texas Football,The New York Times,15 hours ago,https://news.google.com/articles/CAIiEIyjb549-BVwPf8_M7UVVfQqFwgEKg8IACoHCAowjuuKAzCWrzwwt4QY?hl=en-US&gl=US&ceid=US%3Aen
35,Efficacy of Tocilizumab in Patients Hospitalized with Covid-19 | NEJM,nejm.org,Yesterday,https://news.google.com/articles/CBMiM2h0dHBzOi8vd3d3Lm5lam0ub3JnL2RvaS9mdWxsLzEwLjEwNTYvTkVKTW9hMjAyODgzNtIBAA?hl=en-US&gl=US&ceid=US%3Aen
36,Scientists discover genetic and immunologic underpinnings of some cases of severe COVID-19,National Institutes of Health,Sep 24,https://news.google.com/articles/CBMifmh0dHBzOi8vd3d3Lm5paC5nb3YvbmV3cy1ldmVudHMvbmV3cy1yZWxlYXNlcy9zY2llbnRpc3RzLWRpc2NvdmVyLWdlbmV0aWMtaW1tdW5vbG9naWMtdW5kZXJwaW5uaW5ncy1zb21lLWNhc2VzLXNldmVyZS1jb3ZpZC0xOdIBAA?hl=en-US&gl=US&ceid=US%3Aen
37,Maine reports 42 new cases of COVID-19 as outbreak linked to church grows,Press Herald,17 hours ago,https://news.google.com/articles/CAIiEOmY4E_5-3ki-rkOvZ2iCDUqGAgEKg8IACoHCAow6-akCjDO93cwro3sAQ?hl=en-US&gl=US&ceid=US%3Aen
38,"COVID-19 Surges In Rural Communities, Some Midwest Hospitals Overwhelmed : Shots - Health News",NPR,Yesterday,https://news.google.com/articles/CBMihQFodHRwczovL3d3dy5ucHIub3JnL3NlY3Rpb25zL2hlYWx0aC1zaG90cy8yMDIwLzEwLzIyLzkyNjI2NDYxNS9jb3ZpZC0xOS1zdXJnZXMtaW4tcnVyYWwtY29tbXVuaXRpZXMtb3ZlcndoZWxtaW5nLXNvbWUtbG9jYWwtaG9zcGl0YWxz0gEA?hl=en-US&gl=US&ceid=US%3Aen
39,"Coronavirus (COVID-19) Update: Daily Roundup October 13, 2020",FDA.gov,10 days ago,https://news.google.com/articles/CBMibWh0dHBzOi8vd3d3LmZkYS5nb3YvbmV3cy1ldmVudHMvcHJlc3MtYW5ub3VuY2VtZW50cy9jb3JvbmF2aXJ1cy1jb3ZpZC0xOS11cGRhdGUtZGFpbHktcm91bmR1cC1vY3RvYmVyLTEzLTIwMjDSAQA?hl=en-US&gl=US&ceid=US%3Aen
40,F.D.A. Approves First Drug for Treating Coronavirus Patients,The New York Times,1 hour ago,https://news.google.com/articles/CAIiEJIralFuJQh-9Gb3Guc7-jgqFwgEKg8IACoHCAowjuuKAzCWrzwwt4QY?hl=en-US&gl=US&ceid=US%3Aen
41,"Michigan adds 1,873 cases, 43 more deaths from COVID-19",The Detroit News,15 hours ago,https://news.google.com/articles/CBMifWh0dHBzOi8vd3d3LmRldHJvaXRuZXdzLmNvbS9zdG9yeS9uZXdzL2xvY2FsL21pY2hpZ2FuLzIwMjAvMTAvMjIvbWljaGlnYW4tYWRkcy0xODczLWNhc2VzLTQzLW1vcmUtZGVhdGhzLWNvdmlkLTE5LzM3MjYzODUwMDEv0gEqaHR0cHM6Ly9hbXAuZGV0cm9pdG5ld3MuY29tL2FtcC8zNzI2Mzg1MDAx?hl=en-US&gl=US&ceid=US%3Aen
42,15 cases of rare COVID-19 related syndrome in kids confirmed in Washington,KOMO News,9 hours ago,https://news.google.com/articles/CBMicGh0dHBzOi8va29tb25ld3MuY29tL25ld3MvY29yb25hdmlydXMvMTUtY2FzZXMtb2YtcmFyZS1jb3ZpZC0xOS1yZWxhdGVkLXN5bmRyb21lLWluLWtpZHMtY29uZmlybWVkLWluLXdhc2hpbmd0b27SAXRodHRwczovL2tvbW9uZXdzLmNvbS9hbXAvbmV3cy9jb3JvbmF2aXJ1cy8xNS1jYXNlcy1vZi1yYXJlLWNvdmlkLTE5LXJlbGF0ZWQtc3luZHJvbWUtaW4ta2lkcy1jb25maXJtZWQtaW4td2FzaGluZ3Rvbg?hl=en-US&gl=US&ceid=US%3Aen
43,"CDC director: UW-Madison COVID-19 testing, outbreak turnaround model for nation",Madison.com,11 hours ago,https://news.google.com/articles/CAIiEMvs455fWjcq_Htf3vMrbxkqGQgEKhAIACoHCAow4bjwCjCW27oCMLickgM?hl=en-US&gl=US&ceid=US%3Aen
44,"Coronavirus (COVID-19) Update: Daily Roundup October 7, 2020",FDA.gov,16 days ago,https://news.google.com/articles/CBMibGh0dHBzOi8vd3d3LmZkYS5nb3YvbmV3cy1ldmVudHMvcHJlc3MtYW5ub3VuY2VtZW50cy9jb3JvbmF2aXJ1cy1jb3ZpZC0xOS11cGRhdGUtZGFpbHktcm91bmR1cC1vY3RvYmVyLTctMjAyMNIBAA?hl=en-US&gl=US&ceid=US%3Aen
45,"COVID-19 Death Rates Are Going Down, And Not Just Among The Young And Healthy : Shots - Health News",NPR,2 days ago,https://news.google.com/articles/CAIiEO8aQuMhnXnpjjzgW-VEM6oqFggEKg4IACoGCAow9vBNMK3UCDCvpUk?hl=en-US&gl=US&ceid=US%3Aen
46,"San Diego County Reports 235 COVID-19 Cases, Three More Deaths",KPBS,8 hours ago,https://news.google.com/articles/CAIiEMWQQ_GjnSHL-orFgaSyUDQqGQgEKhAIACoHCAowhf6QCzDMqqUDMLWhtgY?hl=en-US&gl=US&ceid=US%3Aen
47,South Loop Bar Owner Frustrated As COVID-19 Restrictions Kick Back In On Short Notice,CBS Chicago,7 hours ago,https://news.google.com/articles/CAIiEELEoDnCiVHpTJm1H9kx3FwqGQgEKhAIACoHCAowmOuFCzCqnoMDMP2CiQY?hl=en-US&gl=US&ceid=US%3Aen
48,"Coronavirus (COVID-19) Update: Daily Roundup October 5, 2020",FDA.gov,18 days ago,https://news.google.com/articles/CBMibGh0dHBzOi8vd3d3LmZkYS5nb3YvbmV3cy1ldmVudHMvcHJlc3MtYW5ub3VuY2VtZW50cy9jb3JvbmF2aXJ1cy1jb3ZpZC0xOS11cGRhdGUtZGFpbHktcm91bmR1cC1vY3RvYmVyLTUtMjAyMNIBAA?hl=en-US&gl=US&ceid=US%3Aen
49,Task force warns several US regions show signs of 'deterioration' amid Covid-19 surges,CNN,2 hours ago,https://news.google.com/articles/CAIiENzdMmz8YQPJmcaTj0UoehYqGQgEKhAIACoHCAowocv1CjCSptoCMPrTpgU?hl=en-US&gl=US&ceid=US%3Aen
50,COVID-19 can affect the heart,Science Magazine,17 hours ago,https://news.google.com/articles/CBMiM2h0dHBzOi8vc2NpZW5jZS5zY2llbmNlbWFnLm9yZy9jb250ZW50LzM3MC82NTE1LzQwONIBAA?hl=en-US&gl=US&ceid=US%3Aen
51,Over 70 people to quarantine after 2 positive COVID-19 cases at St. Louise de Marillac Catholic School,Pittsburgh Post-Gazette,10 hours ago,https://news.google.com/articles/CBMiiwFodHRwczovL3d3dy5wb3N0LWdhemV0dGUuY29tL25ld3MvZWR1Y2F0aW9uLzIwMjAvMTAvMjIvU3QtTG91aXNlLWRlLU1hcmlsbGFjLUNhdGhvbGljLVNjaG9vbC1DT1ZJRC0xOS1jYXNlcy1xdWFyYW50aW5lL3N0b3JpZXMvMjAyMDEwMjIwMTU10gEA?hl=en-US&gl=US&ceid=US%3Aen
52,Inslee announces COVID-19 Immigrant Relief Fund now open for applications,Access Washington,Yesterday,https://news.google.com/articles/CBMibGh0dHBzOi8vd3d3LmdvdmVybm9yLndhLmdvdi9uZXdzLW1lZGlhL2luc2xlZS1hbm5vdW5jZXMtY292aWQtMTktaW1taWdyYW50LXJlbGllZi1mdW5kLW5vdy1vcGVuLWFwcGxpY2F0aW9uc9IBAA?hl=en-US&gl=US&ceid=US%3Aen
53,"COVID-19 in Wisconsin: 22 new deaths, 1,703 additional cases",KSTP,15 hours ago,https://news.google.com/articles/CBMiaGh0dHBzOi8va3N0cC5jb20vbmV3cy9jb3ZpZC0xOS1pbi13aXNjb25zaW4tMjItbmV3LWRlYXRocy0xNzAzLWFkZGl0aW9uYWwtY2FzZXMtb2N0b2Jlci0yMi0yMDIwLzU5MDI3NTYv0gF0aHR0cHM6Ly9hbXAua3N0cC5jb20vYXJ0aWNsZXMvY292aWQtMTktaW4td2lzY29uc2luLTIyLW5ldy1kZWF0aHMtMTcwMy1hZGRpdGlvbmFsLWNhc2VzLW9jdG9iZXItMjItMjAyMC01OTAyNzU2Lmh0bWw?hl=en-US&gl=US&ceid=US%3Aen
54,"More than 100 students and teachers transmitted or caught COVID-19 in school outbreaks, N.J. officials say",NJ.com,13 hours ago,https://news.google.com/articles/CAIiEOFXNPhrW5iTl5ZazMqolMIqGQgEKhAIACoHCAowr6T_CjD1tPgCMNKcpAY?hl=en-US&gl=US&ceid=US%3Aen
55,Breaking up in the time of Covid-19 brings new challenges,CNN,Yesterday,https://news.google.com/articles/CAIiEF2_0RkwFboaJwGENyrrpxAqGQgEKhAIACoHCAowocv1CjCSptoCMPrTpgU?hl=en-US&gl=US&ceid=US%3Aen
56,"Faulty US Covid-19 response meant 130,000 to 210,000 avoidable deaths, report finds",CNN,17 hours ago,https://news.google.com/articles/CAIiEGZuutmEo8a4y8aZF0NKyjAqGQgEKhAIACoHCAowocv1CjCSptoCMPrTpgU?hl=en-US&gl=US&ceid=US%3Aen
57,Emissions Exposure May Increase COVID-19 Mortality,The Pew Charitable Trusts,4 days ago,https://news.google.com/articles/CBMigAFodHRwczovL3d3dy5wZXd0cnVzdHMub3JnL2VuL3Jlc2VhcmNoLWFuZC1hbmFseXNpcy9ibG9ncy9zdGF0ZWxpbmUvMjAyMC8xMC8xOS9lbWlzc2lvbnMtZXhwb3N1cmUtbWF5LWluY3JlYXNlLWNvdmlkLTE5LW1vcnRhbGl0edIBAA?hl=en-US&gl=US&ceid=US%3Aen
58,"284 new COVID-19 cases, 8 deaths, 172 hospitalizations in Hidalgo Co.",Monitor,17 hours ago,https://news.google.com/articles/CBMiZmh0dHBzOi8vd3d3LnRoZW1vbml0b3IuY29tLzIwMjAvMTAvMjIvMjg0LW5ldy1jb3ZpZC0xOS1jYXNlcy04LWRlYXRocy0xNzItaG9zcGl0YWxpemF0aW9ucy1oaWRhbGdvLWNvL9IBAA?hl=en-US&gl=US&ceid=US%3Aen
59,"New surge of Covid-19 cases has states, hospitals scrambling again",STAT,3 days ago,https://news.google.com/articles/CBMifmh0dHBzOi8vd3d3LnN0YXRuZXdzLmNvbS8yMDIwLzEwLzIwL2F0LWEtYnJlYWtpbmctcG9pbnQtbmV3LXN1cmdlLW9mLWNvdmlkLTE5LWNhc2VzLWhhcy1zdGF0ZXMtaG9zcGl0YWxzLXNjcmFtYmxpbmcteWV0LWFnYWluL9IBAA?hl=en-US&gl=US&ceid=US%3Aen
60,Promising Antibody Drugs For COVID-19 Would Have To Be Rationed : Shots - Health News,NPR,Yesterday,https://news.google.com/articles/CAIiEPFwCafSbOLUWdPvUV7Y6fcqFggEKg4IACoGCAow9vBNMK3UCDCvpUk?hl=en-US&gl=US&ceid=US%3Aen
61,U-Prep temporarily switches to distance learning after reporting three COVID-19 cases,KRCRTV.COM,7 hours ago,https://news.google.com/articles/CBMic2h0dHBzOi8va3JjcnR2LmNvbS9uZXdzL2xvY2FsL3UtcHJlcC10ZW1wb3JhcmlseS1zd2l0Y2hlcy10by1kaXN0YW5jZS1sZWFybmluZy1hZnRlci1yZXBvcnRpbmctdGhyZWUtY292aWQtMTktY2FzZXPSAXdodHRwczovL2tyY3J0di5jb20vYW1wL25ld3MvbG9jYWwvdS1wcmVwLXRlbXBvcmFyaWx5LXN3aXRjaGVzLXRvLWRpc3RhbmNlLWxlYXJuaW5nLWFmdGVyLXJlcG9ydGluZy10aHJlZS1jb3ZpZC0xOS1jYXNlcw?hl=en-US&gl=US&ceid=US%3Aen
62,COVID-19 Patients Swamp Rural Hospitals,The Pew Charitable Trusts,3 days ago,https://news.google.com/articles/CBMidWh0dHBzOi8vd3d3LnBld3RydXN0cy5vcmcvZW4vcmVzZWFyY2gtYW5kLWFuYWx5c2lzL2Jsb2dzL3N0YXRlbGluZS8yMDIwLzEwLzIwL2NvdmlkLTE5LXBhdGllbnRzLXN3YW1wLXJ1cmFsLWhvc3BpdGFsc9IBAA?hl=en-US&gl=US&ceid=US%3Aen
63,Steuben County reports 20 new cases of COVID-19,WETM - MyTwinTiers.com,12 hours ago,https://news.google.com/articles/CBMiZmh0dHBzOi8vd3d3Lm15dHdpbnRpZXJzLmNvbS9uZXdzLWNhdC9jb3JuaW5nLWJ1cmVhdS9zdGV1YmVuLWNvdW50eS1yZXBvcnRzLTIwLW5ldy1jYXNlcy1vZi1jb3ZpZC0xOS0yL9IBamh0dHBzOi8vd3d3Lm15dHdpbnRpZXJzLmNvbS9uZXdzLWNhdC9jb3JuaW5nLWJ1cmVhdS9zdGV1YmVuLWNvdW50eS1yZXBvcnRzLTIwLW5ldy1jYXNlcy1vZi1jb3ZpZC0xOS0yL2FtcC8?hl=en-US&gl=US&ceid=US%3Aen
64,USFK: 7 service members from US test positive for COVID-19,Military Times,20 hours ago,https://news.google.com/articles/CAIiEJaRoM6SBXy5ZtLs6WX49_kqGQgEKhAIACoHCAow2LKbCzCcvbMDMNm13gY?hl=en-US&gl=US&ceid=US%3Aen
65,River-Cade Barstool Open canceled because of surge in COVID-19 cases,KTIV,7 hours ago,https://news.google.com/articles/CBMiYWh0dHBzOi8va3Rpdi5jb20vMjAyMC8xMC8yMi9yaXZlci1jYWRlLWJhcnN0b29sLW9wZW4tY2FuY2VsZWQtYmVjYXVzZS1vZi1zdXJnZS1pbi1jb3ZpZC0xOS1jYXNlcy_SAQA?hl=en-US&gl=US&ceid=US%3Aen
66,"COVID-19 in South Dakota: 973 total new cases; Death toll rises to 347; Active cases at 9,273",KELOLAND.com,18 hours ago,https://news.google.com/articles/CBMijwFodHRwczovL3d3dy5rZWxvbGFuZC5jb20vbmV3cy9oZWFsdGhiZWF0L2Nvcm9uYXZpcnVzL2NvdmlkLTE5LWluLXNvdXRoLWRha290YS05NzMtdG90YWwtbmV3LWNhc2VzLWRlYXRoLXRvbGwtcmlzZXMtdG8tMzQ3LWFjdGl2ZS1jYXNlcy1hdC05MjczL9IBkwFodHRwczovL3d3dy5rZWxvbGFuZC5jb20vbmV3cy9oZWFsdGhiZWF0L2Nvcm9uYXZpcnVzL2NvdmlkLTE5LWluLXNvdXRoLWRha290YS05NzMtdG90YWwtbmV3LWNhc2VzLWRlYXRoLXRvbGwtcmlzZXMtdG8tMzQ3LWFjdGl2ZS1jYXNlcy1hdC05MjczL2FtcC8?hl=en-US&gl=US&ceid=US%3Aen
67,21 Appleton residents have died of COVID-19 after another death was reported Thursday,Post-Crescent,12 hours ago,https://news.google.com/articles/CAIiEItn-SHSyRAbWBqtVn2I_dEqGQgEKhAIACoHCAow-oGACzCuwIsDMOP59gU?hl=en-US&gl=US&ceid=US%3Aen
68,Fourth large-scale COVID-19 vaccine trial begins in the United States,National Institutes of Health,Sep 23,https://news.google.com/articles/CBMibGh0dHBzOi8vd3d3Lm5paC5nb3YvbmV3cy1ldmVudHMvbmV3cy1yZWxlYXNlcy9mb3VydGgtbGFyZ2Utc2NhbGUtY292aWQtMTktdmFjY2luZS10cmlhbC1iZWdpbnMtdW5pdGVkLXN0YXRlc9IBAA?hl=en-US&gl=US&ceid=US%3Aen
69,COVID-19 cases surge 30% nationwide: Where does New Mexico stand?,KRQE News 13,20 hours ago,https://news.google.com/articles/CBMicmh0dHBzOi8vd3d3LmtycWUuY29tL2hlYWx0aC9jb3JvbmF2aXJ1cy1uZXctbWV4aWNvL2NvdmlkLTE5LWNhc2VzLXN1cmdlLTMwLW5hdGlvbndpZGUtd2hlcmUtZG9lcy1uZXctbWV4aWNvLXN0YW5kL9IBdmh0dHBzOi8vd3d3LmtycWUuY29tL2hlYWx0aC9jb3JvbmF2aXJ1cy1uZXctbWV4aWNvL2NvdmlkLTE5LWNhc2VzLXN1cmdlLTMwLW5hdGlvbndpZGUtd2hlcmUtZG9lcy1uZXctbWV4aWNvLXN0YW5kL2FtcC8?hl=en-US&gl=US&ceid=US%3Aen
70,Las Vegas Raiders place four starting offensive linemen on reserve/COVID-19 list,ESPN,14 hours ago,https://news.google.com/articles/CBMiemh0dHBzOi8vd3d3LmVzcG4uY29tL25mbC9zdG9yeS9fL2lkLzMwMTY5NjUzL2xhcy12ZWdhcy1yYWlkZXJzLXBsYWNlLWZvdXItc3RhcnRpbmctb2ZmZW5zaXZlLWxpbmVtZW4tcmVzZXJ2ZS1jb3ZpZC0xOS1saXN00gGHAWh0dHBzOi8vd3d3LmVzcG4uY29tL25mbC9zdG9yeS9fL2lkLzMwMTY5NjUzL2xhcy12ZWdhcy1yYWlkZXJzLXBsYWNlLWZvdXItc3RhcnRpbmctb2ZmZW5zaXZlLWxpbmVtZW4tcmVzZXJ2ZS1jb3ZpZC0xOS1saXN0P3BsYXRmb3JtPWFtcA?hl=en-US&gl=US&ceid=US%3Aen
71,State sends emergency help to El Paso as COVID-19 cases rise across Texas,The Texas Tribune,11 hours ago,https://news.google.com/articles/CAIiEPSV6HiWWkz2AdE1cIdgdu4qFwgEKg4IACoGCAow28c3MKzqBzD-0ZsD?hl=en-US&gl=US&ceid=US%3Aen
72,Hidden immune weakness found in 14% of gravely ill COVID-19 patients,Science Magazine,Sep 24,https://news.google.com/articles/CBMiZWh0dHBzOi8vd3d3LnNjaWVuY2VtYWcub3JnL25ld3MvMjAyMC8wOS9oaWRkZW4taW1tdW5lLXdlYWtuZXNzLWZvdW5kLTE0LWdyYXZlbHktaWxsLWNvdmlkLTE5LXBhdGllbnRz0gEA?hl=en-US&gl=US&ceid=US%3Aen
73,Update: Here's what is known about Trump's COVID-19 treatment,Science Magazine,18 days ago,https://news.google.com/articles/CBMiamh0dHBzOi8vd3d3LnNjaWVuY2VtYWcub3JnL25ld3MvMjAyMC8xMC9oZXJlcy13aGF0LWtub3duLWFib3V0LXByZXNpZGVudC1kb25hbGQtdHJ1bXAtcy1jb3ZpZC0xOS10cmVhdG1lbnTSAQA?hl=en-US&gl=US&ceid=US%3Aen
74,Additional COVID-19 death reported in Lancaster County,KOLN,14 hours ago,https://news.google.com/articles/CAIiEI1hHqwg1OTLNo7d6oxWH0YqGQgEKhAIACoHCAowzdabCzCR4bMDMK2q3wY?hl=en-US&gl=US&ceid=US%3Aen
75,Pfizer could haul in $3.5B in 2021 from COVID-19 vaccine: analyst,FiercePharma,2 days ago,https://news.google.com/articles/CBMiXWh0dHBzOi8vd3d3LmZpZXJjZXBoYXJtYS5jb20vcGhhcm1hL3BmaXplci1jb3VsZC1oYXVsLTMtNWItMjAyMS1mcm9tLWNvdmlkLTE5LXZhY2NpbmUtYW5hbHlzdNIBAA?hl=en-US&gl=US&ceid=US%3Aen
76,NJCAA grants eligibility relief for all athletes due to COVID-19,WXXV News 25,7 hours ago,https://news.google.com/articles/CBMiWGh0dHBzOi8vd3d3Lnd4eHYyNS5jb20vMjAyMC8xMC8yMi9uamNhYS1ncmFudHMtZWxpZ2liaWxpdHktcmVsaWVmLWF0aGxldGVzLWR1ZS1jb3ZpZC0xOS_SAQA?hl=en-US&gl=US&ceid=US%3Aen
77,COVID-19 Beyond The Numbers: Governor’s advice conflicts with SD Health Department,KELOLAND.com,12 hours ago,https://news.google.com/articles/CBMihgFodHRwczovL3d3dy5rZWxvbGFuZC5jb20vbmV3cy9oZWFsdGhiZWF0L2Nvcm9uYXZpcnVzL2NvdmlkLTE5LWJleW9uZC10aGUtbnVtYmVycy1nb3Zlcm5vcnMtYWR2aWNlLWNvbmZsaWN0cy13aXRoLXNkLWhlYWx0aC1kZXBhcnRtZW50L9IBigFodHRwczovL3d3dy5rZWxvbGFuZC5jb20vbmV3cy9oZWFsdGhiZWF0L2Nvcm9uYXZpcnVzL2NvdmlkLTE5LWJleW9uZC10aGUtbnVtYmVycy1nb3Zlcm5vcnMtYWR2aWNlLWNvbmZsaWN0cy13aXRoLXNkLWhlYWx0aC1kZXBhcnRtZW50L2FtcC8?hl=en-US&gl=US&ceid=US%3Aen
78,Investigational COVID-19 vaccine well-tolerated and generates immune response in older adults,National Institutes of Health,Sep 29,https://news.google.com/articles/CBMihAFodHRwczovL3d3dy5uaWguZ292L25ld3MtZXZlbnRzL25ld3MtcmVsZWFzZXMvaW52ZXN0aWdhdGlvbmFsLWNvdmlkLTE5LXZhY2NpbmUtd2VsbC10b2xlcmF0ZWQtZ2VuZXJhdGVzLWltbXVuZS1yZXNwb25zZS1vbGRlci1hZHVsdHPSAQA?hl=en-US&gl=US&ceid=US%3Aen
79,"COVID-19 disrupting mental health services in most countries, WHO survey",World Health Organization,18 days ago,https://news.google.com/articles/CBMicGh0dHBzOi8vd3d3Lndoby5pbnQvbmV3cy9pdGVtLzA1LTEwLTIwMjAtY292aWQtMTktZGlzcnVwdGluZy1tZW50YWwtaGVhbHRoLXNlcnZpY2VzLWluLW1vc3QtY291bnRyaWVzLXdoby1zdXJ2ZXnSAQA?hl=en-US&gl=US&ceid=US%3Aen
80,"Calm down about political 'mischief' around COVID-19 vaccines, scientists say",Science Magazine,16 days ago,https://news.google.com/articles/CBMicmh0dHBzOi8vd3d3LnNjaWVuY2VtYWcub3JnL25ld3MvMjAyMC8xMC9jYWxtLWRvd24tYWJvdXQtcG9saXRpY2FsLW1pc2NoaWVmLWFyb3VuZC1jb3ZpZC0xOS12YWNjaW5lcy1zY2llbnRpc3RzLXNhedIBAA?hl=en-US&gl=US&ceid=US%3Aen
81,COVID-19 Daily Update 10-19-2020,West Virginia Department of Health and Human Resources,4 days ago,https://news.google.com/articles/CBMiSWh0dHBzOi8vZGhoci53di5nb3YvTmV3cy8yMDIwL1BhZ2VzL0NPVklELTE5LURhaWx5LVVwZGF0ZS0xMC0xOS0yMDIwLmFzcHjSAQA?hl=en-US&gl=US&ceid=US%3Aen
82,COVID-19 Daily Update 10-20-2020,West Virginia Department of Health and Human Resources,2 days ago,https://news.google.com/articles/CBMiSWh0dHBzOi8vZGhoci53di5nb3YvTmV3cy8yMDIwL1BhZ2VzL0NPVklELTE5LURhaWx5LVVwZGF0ZS0xMC0yMC0yMDIwLmFzcHjSAQA?hl=en-US&gl=US&ceid=US%3Aen
83,Prevea expands free COVID-19 testing to those not experiencing symptoms,Fox11online.com,21 hours ago,https://news.google.com/articles/CBMiamh0dHBzOi8vZm94MTFvbmxpbmUuY29tL25ld3MvbG9jYWwvcHJldmVhLWV4cGFuZHMtZnJlZS1jb3ZpZC0xOS10ZXN0aW5nLXRvLXRob3NlLW5vdC1leHBlcmllbmNpbmctc3ltcHRvbXPSAW5odHRwczovL2ZveDExb25saW5lLmNvbS9hbXAvbmV3cy9sb2NhbC9wcmV2ZWEtZXhwYW5kcy1mcmVlLWNvdmlkLTE5LXRlc3RpbmctdG8tdGhvc2Utbm90LWV4cGVyaWVuY2luZy1zeW1wdG9tcw?hl=en-US&gl=US&ceid=US%3Aen
84,Skagway man with COVID-19 shares name with public to improve contact tracing,KTOO,10 hours ago,https://news.google.com/articles/CBMibGh0dHA6Ly93d3cua3Rvby5vcmcvMjAyMC8xMC8yMi9za2Fnd2F5LW1hbi13aXRoLWNvdmlkLTE5LXNoYXJlcy1uYW1lLXdpdGgtcHVibGljLXRvLWltcHJvdmUtY29udGFjdC10cmFjaW5nL9IBAA?hl=en-US&gl=US&ceid=US%3Aen
85,Coronavirus: Spain passes one million Covid-19 cases,BBC News,Yesterday,https://news.google.com/articles/CBMiLmh0dHBzOi8vd3d3LmJiYy5jb20vbmV3cy93b3JsZC1ldXJvcGUtNTQ2MzgzNDfSATJodHRwczovL3d3dy5iYmMuY29tL25ld3MvYW1wL3dvcmxkLWV1cm9wZS01NDYzODM0Nw?hl=en-US&gl=US&ceid=US%3Aen
86,The impact of COVID-19 on global extreme poverty,Brookings Institution,2 days ago,https://news.google.com/articles/CBMibmh0dHBzOi8vd3d3LmJyb29raW5ncy5lZHUvYmxvZy9mdXR1cmUtZGV2ZWxvcG1lbnQvMjAyMC8xMC8yMS90aGUtaW1wYWN0LW9mLWNvdmlkLTE5LW9uLWdsb2JhbC1leHRyZW1lLXBvdmVydHkv0gFyaHR0cHM6Ly93d3cuYnJvb2tpbmdzLmVkdS9ibG9nL2Z1dHVyZS1kZXZlbG9wbWVudC8yMDIwLzEwLzIxL3RoZS1pbXBhY3Qtb2YtY292aWQtMTktb24tZ2xvYmFsLWV4dHJlbWUtcG92ZXJ0eS9hbXAv?hl=en-US&gl=US&ceid=US%3Aen
87,What reinfections mean for COVID-19,The Lancet,11 days ago,https://news.google.com/articles/CBMiU2h0dHBzOi8vd3d3LnRoZWxhbmNldC5jb20vam91cm5hbHMvbGFuaW5mL2FydGljbGUvUElJUzE0NzMtMzA5OSgyMCkzMDc4My0wL2Z1bGx0ZXh00gEA?hl=en-US&gl=US&ceid=US%3Aen
88,COVID-19 Beyond the Numbers: Local judge part of Regeneron antibody study,KELOLAND.com,11 hours ago,https://news.google.com/articles/CBMifmh0dHBzOi8vd3d3LmtlbG9sYW5kLmNvbS9uZXdzL2hlYWx0aGJlYXQvY29yb25hdmlydXMvY292aWQtMTktYmV5b25kLXRoZS1udW1iZXJzLWxvY2FsLWp1ZGdlLXBhcnQtb2YtcmVnZW5lcm9uLWFudGlib2R5LXN0dWR5L9IBggFodHRwczovL3d3dy5rZWxvbGFuZC5jb20vbmV3cy9oZWFsdGhiZWF0L2Nvcm9uYXZpcnVzL2NvdmlkLTE5LWJleW9uZC10aGUtbnVtYmVycy1sb2NhbC1qdWRnZS1wYXJ0LW9mLXJlZ2VuZXJvbi1hbnRpYm9keS1zdHVkeS9hbXAv?hl=en-US&gl=US&ceid=US%3Aen
89,Customer Service During COVID-19: Take Our Survey,NBC4 Washington,2 hours ago,https://news.google.com/articles/CBMic2h0dHBzOi8vd3d3Lm5iY3dhc2hpbmd0b24uY29tL25ld3MvY29uc3VtZXIvbmJjNC1yZXNwb25kcy9jdXN0b21lci1zZXJ2aWNlLWR1cmluZy1jb3ZpZC0xOS10YWtlLW91ci1zdXJ2ZXkvMjQ1MTUyMS_SAXdodHRwczovL3d3dy5uYmN3YXNoaW5ndG9uLmNvbS9uZXdzL2NvbnN1bWVyL25iYzQtcmVzcG9uZHMvY3VzdG9tZXItc2VydmljZS1kdXJpbmctY292aWQtMTktdGFrZS1vdXItc3VydmV5LzI0NTE1MjEvP2FtcA?hl=en-US&gl=US&ceid=US%3Aen
90,Anticoagulation in Hospitalized Patients with Covid-19 | NEJM,nejm.org,Yesterday,https://news.google.com/articles/CBMiP2h0dHBzOi8vd3d3Lm5lam0ub3JnL2RvaS9mdWxsLzEwLjEwNTYvTkVKTWNsZGUyMDI4MjE3P3F1ZXJ5PVRPQ9IBAA?hl=en-US&gl=US&ceid=US%3Aen
91,23 new cases of COVID-19 confirmed in Shasta County on Wednesday,KRCRTV.COM,12 hours ago,https://news.google.com/articles/CBMiZGh0dHBzOi8va3JjcnR2LmNvbS9uZXdzL2Nvcm9uYXZpcnVzLzIzLW5ldy1jYXNlcy1vZi1jb3ZpZC0xOS1jb25maXJtZWQtaW4tc2hhc3RhLWNvdW50eS1vbi13ZWRuZXNkYXnSAWhodHRwczovL2tyY3J0di5jb20vYW1wL25ld3MvY29yb25hdmlydXMvMjMtbmV3LWNhc2VzLW9mLWNvdmlkLTE5LWNvbmZpcm1lZC1pbi1zaGFzdGEtY291bnR5LW9uLXdlZG5lc2RheQ?hl=en-US&gl=US&ceid=US%3Aen
92,National Guard halts testing events statewide after soldiers infected with COVID-19,Traverse City Record Eagle,11 hours ago,https://news.google.com/articles/CBMirgFodHRwczovL3d3dy5yZWNvcmQtZWFnbGUuY29tL2NvbGxlY3Rpb25zL25hdGlvbmFsLWd1YXJkLWhhbHRzLXRlc3RpbmctZXZlbnRzLXN0YXRld2lkZS1hZnRlci1zb2xkaWVycy1pbmZlY3RlZC13aXRoLWNvdmlkLTE5L2FydGljbGVfYTVlM2U3NDAtMTQ4NC0xMWViLThhMjMtZGZjYjJjYjJhZTRkLmh0bWzSAQA?hl=en-US&gl=US&ceid=US%3Aen
93,China's successful control of COVID-19,The Lancet,15 days ago,https://news.google.com/articles/CBMiU2h0dHBzOi8vd3d3LnRoZWxhbmNldC5jb20vam91cm5hbHMvbGFuaW5mL2FydGljbGUvUElJUzE0NzMtMzA5OSgyMCkzMDgwMC04L2Z1bGx0ZXh00gEA?hl=en-US&gl=US&ceid=US%3Aen
94,Gov. Beshear reports fourth-highest daily COVID-19 case total,WKYT,13 hours ago,https://news.google.com/articles/CAIiEIUJn4QoHvHNxdhj34vgRzEqGQgEKhAIACoHCAowvIWbCzCAkLMDMOu43AY?hl=en-US&gl=US&ceid=US%3Aen
95,Austin Public Health Official Says There's A 96% Chance The COVID-19 Epidemic Is Growing In The Area,KUT,Yesterday,https://news.google.com/articles/CBMia2h0dHBzOi8vd3d3Lmt1dC5vcmcvcG9zdC9hdXN0aW4tcHVibGljLWhlYWx0aC1vZmZpY2lhbC1zYXlzLXRoZXJlcy05Ni1jaGFuY2UtY292aWQtMTktZXBpZGVtaWMtZ3Jvd2luZy1hcmVh0gEA?hl=en-US&gl=US&ceid=US%3Aen
96,Stories Of COVID-19: Chronic Disease Care Is Essential Care,Health Affairs,21 hours ago,https://news.google.com/articles/CBMiQWh0dHBzOi8vd3d3LmhlYWx0aGFmZmFpcnMub3JnL2RvLzEwLjEzNzcvaGJsb2cyMDIwMTAyMC45NzIzNi9mdWxs0gEA?hl=en-US&gl=US&ceid=US%3Aen
97,First Lady Melania Trump: 'My personal experience with COVID-19',The White House,9 days ago,https://news.google.com/articles/CBMiWmh0dHBzOi8vd3d3LndoaXRlaG91c2UuZ292L2FydGljbGVzL2ZpcnN0LWxhZHktbWVsYW5pYS10cnVtcC1wZXJzb25hbC1leHBlcmllbmNlLWNvdmlkLTE5L9IBAA?hl=en-US&gl=US&ceid=US%3Aen
98,Covid-19's wintry mix: Dry indoor air helps the virus spread - STAT,STAT,2 days ago,https://news.google.com/articles/CBMiW2h0dHBzOi8vd3d3LnN0YXRuZXdzLmNvbS8yMDIwLzEwLzIxL2NvdmlkMTktd2ludGVyLWRyeS1pbmRvb3ItYWlyLWhlbHBzLWNvcm9uYXZpcnVzLXNwcmVhZC_SAQA?hl=en-US&gl=US&ceid=US%3Aen
99,COVID-19 highlights inequities in how we treat early educators in child care vs. schools,Brookings Institution,1 hour ago,https://news.google.com/articles/CBMimgFodHRwczovL3d3dy5icm9va2luZ3MuZWR1L2Jsb2cvYnJvd24tY2VudGVyLWNoYWxrYm9hcmQvMjAyMC8xMC8yMy9jb3ZpZC0xOS1oaWdobGlnaHRzLWluZXF1aXRpZXMtaW4taG93LXdlLXRyZWF0LWVhcmx5LWVkdWNhdG9ycy1pbi1jaGlsZC1jYXJlLXZzLXNjaG9vbHMv0gGeAWh0dHBzOi8vd3d3LmJyb29raW5ncy5lZHUvYmxvZy9icm93bi1jZW50ZXItY2hhbGtib2FyZC8yMDIwLzEwLzIzL2NvdmlkLTE5LWhpZ2hsaWdodHMtaW5lcXVpdGllcy1pbi1ob3ctd2UtdHJlYXQtZWFybHktZWR1Y2F0b3JzLWluLWNoaWxkLWNhcmUtdnMtc2Nob29scy9hbXAv?hl=en-US&gl=US&ceid=US%3Aen
100,COVID-19 outbreak expands in overcrowded Fairbanks jail,Anchorage Daily News,Yesterday,https://news.google.com/articles/CBMibWh0dHBzOi8vd3d3LmFkbi5jb20vYWxhc2thLW5ld3MvZmFpcmJhbmtzLzIwMjAvMTAvMjEvY292aWQtMTktb3V0YnJlYWstZXhwYW5kcy1pbi1vdmVyY3Jvd2RlZC1mYWlyYmFua3MtamFpbC_SAQA?hl=en-US&gl=US&ceid=US%3Aen
101,SCV sees 135 COVID-19 cases amid backlog,Santa Clarita Valley Signal,11 hours ago,https://news.google.com/articles/CBMiR2h0dHBzOi8vc2lnbmFsc2N2LmNvbS8yMDIwLzEwL3Njdi1zZWVzLTEzNS1jb3ZpZC0xOS1jYXNlcy1hbWlkLWJhY2tsb2cv0gEA?hl=en-US&gl=US&ceid=US%3Aen
102,'Provocative results' boost hopes of antibody treatment for COVID-19,Science Magazine,Sep 30,https://news.google.com/articles/CBMiY2h0dHBzOi8vd3d3LnNjaWVuY2VtYWcub3JnL25ld3MvMjAyMC8wOS9wcm92b2NhdGl2ZS1yZXN1bHRzLWJvb3N0LWhvcGVzLWFudGlib2R5LXRyZWF0bWVudC1jb3ZpZC0xOdIBAA?hl=en-US&gl=US&ceid=US%3Aen
103,"Impact of COVID-19 on people's livelihoods, their health and our food systems",World Health Organization,10 days ago,https://news.google.com/articles/CBMidWh0dHBzOi8vd3d3Lndoby5pbnQvbmV3cy9pdGVtLzEzLTEwLTIwMjAtaW1wYWN0LW9mLWNvdmlkLTE5LW9uLXBlb3BsZSdzLWxpdmVsaWhvb2RzLXRoZWlyLWhlYWx0aC1hbmQtb3VyLWZvb2Qtc3lzdGVtc9IBAA?hl=en-US&gl=US&ceid=US%3Aen
